{"cameraMode":{"drawMode":0,"name":"Shaded","section":"Shading Mode"},"sceneLighting":true,"audioPlay":false,"sceneViewState":{"showFog":true,"showMaterialUpdate":false,"showSkybox":true,"showFlares":true,"showImageEffects":true,"showParticleSystems":true},"in2DMode":false,"pivot":{"x":-2.6111907958984377,"y":0.5372051000595093,"z":-0.4408852458000183},"rotation":{"x":0.5564860701560974,"y":-0.194135382771492,"z":-0.7963871955871582,"w":-0.13565410673618318},"size":2.0005171298980715,"orthographic":false}